Workbook

Sheet Budget 2026
B2: Marketing Budget Tracker — 2026
B3: Annual budget vs actual spend · £ · update monthly actuals in the blue cells
B5: ANNUAL BUDGET | C5: SPENT YTD | E5: REMAINING | H5: % OF BUDGET USED
B6: =D24 | C6: =E24 | E6: =D24-E24 | H6: =IFERROR(E24/D24,0)
B8: Approved Dec 2025 | C8: Jan–Sep actuals | E8: For Oct–Dec | H8: 75% of year elapsed
B9: Category | C9: Line item | D9: Annual budget | E9: Actual YTD | F9: Variance | G9: Var % | H9: Jan | I9: Feb | J9: Mar | K9: Apr | L9: May | M9: Jun | N9: Jul | O9: Aug | P9: Sep | Q9: Oct | R9: Nov | S9: Dec
B10: Paid media | C10: Search ads | D10: 180000 | E10: =SUM(H10:S10) | F10: =D10*COUNT(H10:S10)/12-E10 | G10: =IFERROR(F10/(D10*COUNT(H10:S10)/12),0) | H10: 14200 | I10: 15100 | J10: 15800 | K10: 14900 | L10: 16200 | M10: 15500 | N10: 14800 | O10: 15100 | P10: 16900
B11: Paid media | C11: Social ads | D11: 120000 | E11: =SUM(H11:S11) | F11: =D11*COUNT(H11:S11)/12-E11 | G11: =IFERROR(F11/(D11*COUNT(H11:S11)/12),0) | H11: 9800 | I11: 10400 | J11: 11200 | K11: 10900 | L11: 11800 | M11: 12100 | N11: 12600 | O11: 11900 | P11: 12800
B12: Paid media | C12: Retail media | D12: 60000 | E12: =SUM(H12:S12) | F12: =D12*COUNT(H12:S12)/12-E12 | G12: =IFERROR(F12/(D12*COUNT(H12:S12)/12),0) | H12: 0 | I12: 0 | J12: 4500 | K12: 5200 | L12: 5100 | M12: 5600 | N12: 5800 | O12: 6100 | P12: 6400
B13: Events | C13: Flagship conference | D13: 95000 | E13: =SUM(H13:S13) | F13: =D13*COUNT(H13:S13)/12-E13 | G13: =IFERROR(F13/(D13*COUNT(H13:S13)/12),0) | H13: 0 | I13: 0 | J13: 0 | K13: 12000 | L13: 0 | M13: 61000 | N13: 0 | O13: 0 | P13: 4200
B14: Events | C14: Regional roadshows | D14: 40000 | E14: =SUM(H14:S14) | F14: =D14*COUNT(H14:S14)/12-E14 | G14: =IFERROR(F14/(D14*COUNT(H14:S14)/12),0) | H14: 0 | I14: 3200 | J14: 4100 | K14: 0 | L14: 3900 | M14: 0 | N14: 0 | O14: 3600 | P14: 4300
B15: Content | C15: Agency retainer | D15: 72000 | E15: =SUM(H15:S15) | F15: =D15*COUNT(H15:S15)/12-E15 | G15: =IFERROR(F15/(D15*COUNT(H15:S15)/12),0) | H15: 6000 | I15: 6000 | J15: 6000 | K15: 6000 | L15: 6000 | M15: 6000 | N15: 6000 | O15: 6000 | P15: 6000
B16: Content | C16: Video production | D16: 36000 | E16: =SUM(H16:S16) | F16: =D16*COUNT(H16:S16)/12-E16 | G16: =IFERROR(F16/(D16*COUNT(H16:S16)/12),0) | H16: 0 | I16: 4800 | J16: 0 | K16: 0 | L16: 6200 | M16: 0 | N16: 0 | O16: 5100 | P16: 0
B17: Brand | C17: Research & testing | D17: 30000 | E17: =SUM(H17:S17) | F17: =D17*COUNT(H17:S17)/12-E17 | G17: =IFERROR(F17/(D17*COUNT(H17:S17)/12),0) | H17: 0 | I17: 0 | J17: 7500 | K17: 0 | L17: 0 | M17: 7500 | N17: 0 | O17: 0 | P17: 7500
B18: Brand | C18: Design tooling | D18: 12000 | E18: =SUM(H18:S18) | F18: =D18*COUNT(H18:S18)/12-E18 | G18: =IFERROR(F18/(D18*COUNT(H18:S18)/12),0) | H18: 1000 | I18: 1000 | J18: 1000 | K18: 1000 | L18: 1000 | M18: 1000 | N18: 1000 | O18: 1000 | P18: 1000
B19: Tools | C19: Marketing automation | D19: 54000 | E19: =SUM(H19:S19) | F19: =D19*COUNT(H19:S19)/12-E19 | G19: =IFERROR(F19/(D19*COUNT(H19:S19)/12),0) | H19: 4500 | I19: 4500 | J19: 4500 | K19: 4500 | L19: 4500 | M19: 4500 | N19: 4500 | O19: 4500 | P19: 4500
B20: Tools | C20: Analytics & attribution | D20: 24000 | E20: =SUM(H20:S20) | F20: =D20*COUNT(H20:S20)/12-E20 | G20: =IFERROR(F20/(D20*COUNT(H20:S20)/12),0) | H20: 2000 | I20: 2000 | J20: 2000 | K20: 2000 | L20: 2000 | M20: 2000 | N20: 2000 | O20: 2000 | P20: 2000
B21: People | C21: Contractors | D21: 48000 | E21: =SUM(H21:S21) | F21: =D21*COUNT(H21:S21)/12-E21 | G21: =IFERROR(F21/(D21*COUNT(H21:S21)/12),0) | H21: 3500 | I21: 4200 | J21: 3900 | K21: 4100 | L21: 4600 | M21: 3800 | N21: 3900 | O21: 4400 | P21: 4700
... B23: Contingency | C23: Unallocated | D23: 20000 | E23: =SUM(H23:S23) | F23: =D23*COUNT(H23:S23)/12-E23 | G23: =IFERROR(F23/(D23*COUNT(H23:S23)/12),0) | H23: 0 | I23: 0 | J23: 0 | K23: 0 | L23: 0 | M23: 0 | N23: 0 | O23: 0 | P23: 0
B24: Total | D24: =SUM(D10:D23) | E24: =SUM(E10:E23) | F24: =SUM(F10:F23) | G24: =IFERROR(F24/(D24*COUNT(H10:S10)/12),0) | H24: =SUM(H10:H23) | I24: =SUM(I10:I23) | J24: =SUM(J10:J23) | K24: =SUM(K10:K23) | L24: =SUM(L10:L23) | M24: =SUM(M10:M23) | N24: =SUM(N10:N23) | O24: =SUM(O10:O23) | ... S24: =SUM(S10:S23)
B26: Variance = budget pro-rated to months reported − actual. Negative = overspend; rows more than 10% over are flagged red.

Sheet By category
B2: Spend by category
B3: Rolls up from Budget 2026
B5: Category | C5: Budget | D5: Actual YTD | E5: Remaining
B6: Paid media | C6: =SUMIF('Budget 2026'!$B$10:$B$23,B6,'Budget 2026'!$D$10:$D$23) | D6: =SUMIF('Budget 2026'!$B$10:$B$23,B6,'Budget 2026'!$E$10:$E$23) | E6: =C6-D6
B7: Events | C7: =SUMIF('Budget 2026'!$B$10:$B$23,B7,'Budget 2026'!$D$10:$D$23) | D7: =SUMIF('Budget 2026'!$B$10:$B$23,B7,'Budget 2026'!$E$10:$E$23) | E7: =C7-D7
B8: Content | C8: =SUMIF('Budget 2026'!$B$10:$B$23,B8,'Budget 2026'!$D$10:$D$23) | D8: =SUMIF('Budget 2026'!$B$10:$B$23,B8,'Budget 2026'!$E$10:$E$23) | E8: =C8-D8
B9: Brand | C9: =SUMIF('Budget 2026'!$B$10:$B$23,B9,'Budget 2026'!$D$10:$D$23) | D9: =SUMIF('Budget 2026'!$B$10:$B$23,B9,'Budget 2026'!$E$10:$E$23) | E9: =C9-D9
B10: Tools | C10: =SUMIF('Budget 2026'!$B$10:$B$23,B10,'Budget 2026'!$D$10:$D$23) | D10: =SUMIF('Budget 2026'!$B$10:$B$23,B10,'Budget 2026'!$E$10:$E$23) | E10: =C10-D10
B11: People | C11: =SUMIF('Budget 2026'!$B$10:$B$23,B11,'Budget 2026'!$D$10:$D$23) | D11: =SUMIF('Budget 2026'!$B$10:$B$23,B11,'Budget 2026'!$E$10:$E$23) | E11: =C11-D11
B12: Contingency | C12: =SUMIF('Budget 2026'!$B$10:$B$23,B12,'Budget 2026'!$D$10:$D$23) | D12: =SUMIF('Budget 2026'!$B$10:$B$23,B12,'Budget 2026'!$E$10:$E$23) | E12: =C12-D12
