Workbook

Sheet Dashboard
B2: SaaS KPI Dashboard
B3: Oct 2025 – Sep 2026 · latest month vs prior month · source: Data sheet
B5: MRR | E5: NEW CUSTOMERS | H5: MONTHLY CHURN | K5: NPS
B6: =Data!C17 | E6: =Data!D17 | H6: =Data!E17 | K6: =Data!F17
B7: =Data!C17/Data!C16-1 | E7: =Data!D17/Data!D16-1 | H7: =(Data!E17-Data!E16)*100 | K7: =Data!F17-Data!F16
B8: vs prior month | E8: vs prior month | H8: vs prior month | K8: vs prior month
B27: Targets
B28: Metric | C28: Target | E28: Latest | F28: Status
B29: MRR (£) | C29: 3200000 | E29: =Data!C17 | F29: =IF(E29>=C29,"On target","Below target")
B30: Monthly churn | C30: 0.015 | E30: =Data!E17 | F30: =IF(E30<=C30,"On target","Below target")
B31: NPS | C31: 50 | E31: =Data!F17 | F31: =IF(E31>=C31,"On target","Below target")
B32: CAC (£) | C32: 3600 | E32: =Data!G17 | F32: =IF(E32<=C32,"On target","Below target")

Sheet Data
B2: Monthly KPI data
B3: Oct 2025 – Sep 2026 · append one row per month; the dashboard reads the latest row
B5: Month | C5: MRR (£) | D5: New customers | E5: Churn % | F5: NPS | G5: CAC (£) | H5: Customers
B6: Oct | C6: 2410000 | D6: 38 | E6: 0.021 | F6: 41 | G6: 4120 | H6: 1180
B7: Nov | C7: 2486000 | D7: 41 | E7: 0.019 | F7: 42 | G7: 4050 | H7: =ROUND(H6*(1-E7)+D7,0)
B8: Dec | C8: 2540000 | D8: 33 | E8: 0.024 | F8: 40 | G8: 4380 | H8: =ROUND(H7*(1-E8)+D8,0)
B9: Jan | C9: 2611000 | D9: 46 | E9: 0.018 | F9: 44 | G9: 3990 | H9: =ROUND(H8*(1-E9)+D9,0)
B10: Feb | C10: 2702000 | D10: 52 | E10: 0.017 | F10: 45 | G10: 3870 | H10: =ROUND(H9*(1-E10)+D10,0)
B11: Mar | C11: 2795000 | D11: 49 | E11: 0.02 | F11: 44 | G11: 3920 | H11: =ROUND(H10*(1-E11)+D11,0)
B12: Apr | C12: 2858000 | D12: 44 | E12: 0.016 | F12: 47 | G12: 3840 | H12: =ROUND(H11*(1-E12)+D12,0)
B13: May | C13: 2949000 | D13: 55 | E13: 0.015 | F13: 48 | G13: 3760 | H13: =ROUND(H12*(1-E13)+D13,0)
B14: Jun | C14: 3031000 | D14: 58 | E14: 0.017 | F14: 47 | G14: 3710 | H14: =ROUND(H13*(1-E14)+D14,0)
B15: Jul | C15: 3104000 | D15: 51 | E15: 0.014 | F15: 49 | G15: 3790 | H15: =ROUND(H14*(1-E15)+D15,0)
B16: Aug | C16: 3196000 | D16: 60 | E16: 0.015 | F16: 51 | G16: 3650 | H16: =ROUND(H15*(1-E16)+D16,0)
B17: Sep | C17: 3282000 | D17: 63 | E17: 0.013 | F17: 52 | G17: 3580 | H17: =ROUND(H16*(1-E17)+D17,0)
