Workbook

Sheet Pipeline
B2: Sales Pipeline — Q4 FY26
B3: One row per open opportunity · probability and weighted value are calculated
B5: Opportunity | C5: Account | D5: Owner | E5: Stage | F5: Amount (£) | G5: Probability | H5: Weighted (£) | I5: Close date | J5: Next step
B6: Data platform renewal + expansion | C6: Fenwick Foods | D6: A. Shah | E6: Negotiation | F6: 184000 | G6: =IFERROR(VLOOKUP(E6,Stages!$B$6:$C$11,2,FALSE),0) | H6: =F6*G6 | I6: 46340 | J6: Legal redlines back by 21 Oct
B7: Self-serve analytics rollout | C7: Brightwater Health | D7: J. Moss | E7: Proposal | F7: 96000 | G7: =IFERROR(VLOOKUP(E7,Stages!$B$6:$C$11,2,FALSE),0) | H7: =F7*G7 | I7: 46361 | J7: Pricing call with CFO
B8: APAC pilot | C8: Kinetic Freight | D8: L. Wong | E8: Discovery | F8: 72000 | G8: =IFERROR(VLOOKUP(E8,Stages!$B$6:$C$11,2,FALSE),0) | H8: =F8*G8 | I8: 46417 | J8: Technical deep-dive
B9: Retail media measurement | C9: Larkspur Retail | D9: A. Shah | E9: Proposal | F9: 138000 | G9: =IFERROR(VLOOKUP(E9,Stages!$B$6:$C$11,2,FALSE),0) | H9: =F9*G9 | I9: 46368 | J9: Security questionnaire
B10: Enterprise SSO upgrade | C10: Orion Insurance | D10: M. Dubois | E10: Negotiation | F10: 54000 | G10: =IFERROR(VLOOKUP(E10,Stages!$B$6:$C$11,2,FALSE),0) | H10: =F10*G10 | I10: 46326 | J10: Order form out for signature
B11: Embedded dashboards | C11: Quill Software | D11: J. Moss | E11: Prospect | F11: 45000 | G11: =IFERROR(VLOOKUP(E11,Stages!$B$6:$C$11,2,FALSE),0) | H11: =F11*G11 | I11: 46445 | J11: Intro meeting booked
B12: Warehouse analytics | C12: Halcyon Robotics | D12: L. Wong | E12: Discovery | F12: 88000 | G12: =IFERROR(VLOOKUP(E12,Stages!$B$6:$C$11,2,FALSE),0) | H12: =F12*G12 | I12: 46403 | J12: Map data sources
B13: Data quality add-on | C13: Fenwick Foods | D13: A. Shah | E13: Closed won | F13: 36000 | G13: =IFERROR(VLOOKUP(E13,Stages!$B$6:$C$11,2,FALSE),0) | H13: =F13*G13 | I13: 46291 | J13: Kick-off scheduled
B14: Group-wide licence | C14: Meridian Hotels | D14: M. Dubois | E14: Proposal | F14: 210000 | G14: =IFERROR(VLOOKUP(E14,Stages!$B$6:$C$11,2,FALSE),0) | H14: =F14*G14 | I14: 46375 | J14: Exec sponsor meeting
B15: Marketing mix model | C15: Copperleaf Beauty | D15: J. Moss | E15: Closed lost | F15: 42000 | G15: =IFERROR(VLOOKUP(E15,Stages!$B$6:$C$11,2,FALSE),0) | H15: =F15*G15 | I15: 46277 | J15: Lost to in-house build
B16: Usage-based alerts | C16: Saffron Telecom | D16: L. Wong | E16: Prospect | F16: 28000 | G16: =IFERROR(VLOOKUP(E16,Stages!$B$6:$C$11,2,FALSE),0) | H16: =F16*G16 | I16: 46459 | J16: Qualify budget
B17: Finance analytics pack | C17: Northgate Council | D17: M. Dubois | E17: Discovery | F17: 64000 | G17: =IFERROR(VLOOKUP(E17,Stages!$B$6:$C$11,2,FALSE),0) | H17: =F17*G17 | I17: 46424 | J17: Procurement framework check

Sheet Summary
B2: Pipeline summary
B3: By stage · updates automatically from Pipeline
B5: OPEN PIPELINE | D5: WEIGHTED | E5: WON THIS QUARTER
B6: =SUMIFS(Pipeline!F6:F17,Pipeline!E6:E17,"<>Closed won",Pipeline!E6:E17,"<>Closed lost") | D6: =SUMIFS(Pipeline!H6:H17,Pipeline!E6:E17,"<>Closed won") | E6: =SUMIF(Pipeline!E6:E17,"Closed won",Pipeline!F6:F17)
B8: Prospect to negotiation | D8: Amount × stage probability | E8: Signed in Q4 FY26
B9: Stage | C9: Deals | D9: Amount (£) | E9: Weighted (£) | F9: Share
B10: Prospect | C10: =COUNTIF(Pipeline!$E$6:$E$17,B10) | D10: =SUMIF(Pipeline!$E$6:$E$17,B10,Pipeline!$F$6:$F$17) | E10: =SUMIF(Pipeline!$E$6:$E$17,B10,Pipeline!$H$6:$H$17) | F10: =IFERROR(D10/$D$16,0)
B11: Discovery | C11: =COUNTIF(Pipeline!$E$6:$E$17,B11) | D11: =SUMIF(Pipeline!$E$6:$E$17,B11,Pipeline!$F$6:$F$17) | E11: =SUMIF(Pipeline!$E$6:$E$17,B11,Pipeline!$H$6:$H$17) | F11: =IFERROR(D11/$D$16,0)
B12: Proposal | C12: =COUNTIF(Pipeline!$E$6:$E$17,B12) | D12: =SUMIF(Pipeline!$E$6:$E$17,B12,Pipeline!$F$6:$F$17) | E12: =SUMIF(Pipeline!$E$6:$E$17,B12,Pipeline!$H$6:$H$17) | F12: =IFERROR(D12/$D$16,0)
B13: Negotiation | C13: =COUNTIF(Pipeline!$E$6:$E$17,B13) | D13: =SUMIF(Pipeline!$E$6:$E$17,B13,Pipeline!$F$6:$F$17) | E13: =SUMIF(Pipeline!$E$6:$E$17,B13,Pipeline!$H$6:$H$17) | F13: =IFERROR(D13/$D$16,0)
B14: Closed won | C14: =COUNTIF(Pipeline!$E$6:$E$17,B14) | D14: =SUMIF(Pipeline!$E$6:$E$17,B14,Pipeline!$F$6:$F$17) | E14: =SUMIF(Pipeline!$E$6:$E$17,B14,Pipeline!$H$6:$H$17) | F14: =IFERROR(D14/$D$16,0)
B15: Closed lost | C15: =COUNTIF(Pipeline!$E$6:$E$17,B15) | D15: =SUMIF(Pipeline!$E$6:$E$17,B15,Pipeline!$F$6:$F$17) | E15: =SUMIF(Pipeline!$E$6:$E$17,B15,Pipeline!$H$6:$H$17) | F15: =IFERROR(D15/$D$16,0)
B16: Total | C16: =SUM(C10:C15) | D16: =SUM(D10:D15) | E16: =SUM(E10:E15) | F16: =SUM(F10:F15)

Sheet Stages
B2: Stage definitions
B3: Probabilities drive weighted pipeline
B5: Stage | C5: Probability | D5: Exit criteria
B6: Prospect | C6: 0.1 | D6: Qualified need, no meeting yet
B7: Discovery | C7: 0.2 | D7: Discovery call held; pain confirmed
B8: Proposal | C8: 0.4 | D8: Proposal sent with pricing
B9: Negotiation | C9: 0.7 | D9: Terms under negotiation
B10: Closed won | C10: 1 | D10: Contract signed
B11: Closed lost | C11: 0 | D11: Lost or no decision
